{"acc": [0.45713141025641024, 0.628760528048023, 0.6969514635017585, 0.6935419157906512, 0.7077817886027762, 0.7468912947670409, 0.7585238667075719, 0.7611311651882856, 0.782791815988041, 0.7767749688398681, 0.7753710368527881, 0.7765744072913741, 0.7801845155468056, 0.7968311275385778, 0.7757721602366815, 0.7888086627058556, 0.7851985553350498, 0.7940232638274146, 0.7998395484468328, 0.8144805437582255, 0.8126754910411291, 0.8108704361722405, 0.8134777351311302, 0.817890091684512, 0.8094665049502422, 0.8180906534960029, 0.8202968293339958, 0.8337344551631547, 0.8285198547827686, 0.8361411935538113, 0.8321299623448448, 0.8387484944971316, 0.8198957083170738, 0.832330524945326, 0.8277176089235161, 0.8343361410997118, 0.8391496183592012, 0.8371440017027306, 0.841355796157716, 0.8481748869655317], "loss": [0.9370265343250372, 0.8612935479462888, 0.7793211684473729, 0.756015551219348, 0.715861691942762, 0.6881206774156925, 0.6510495872704131, 0.6393114320733583, 0.5980604565913449, 0.6052769061986385, 0.6000562565325734, 0.6034585038820902, 0.5888030265547213, 0.5865571564380969, 0.5934246546333687, 0.5644998022986855, 0.5788959123454226, 0.555447526452439, 0.5449031281079149, 0.5266267703663046, 0.5175458557434557, 0.5295667908084569, 0.5302267802847087, 0.5067314616274843, 0.5195510489869873, 0.5056726972572879, 0.4989087194790096, 0.49176265425439153, 0.478217711613162, 0.4753813965225908, 0.48072697745237875, 0.4588674121337199, 0.4969081183872307, 0.4896432828028136, 0.4852564133557267, 0.4741616982128359, 0.458303098966929, 0.45753323042005406, 0.4493215836127312, 0.4339830104816022], "val_loss": [0.6945486239024571, 0.5445166570799691, 0.5816929084914071, 0.5218503986086164, 0.5001583610262189, 0.4522712699004582, 0.46632194944790434, 0.4380626508167812, 0.4680646913392203, 0.43920708128384184, 0.4103984832763672, 0.5317465833255223, 0.40045387404305594, 0.4887996997152056, 0.44612217800957815, 0.4002121899809156, 0.4724965010370527, 0.4241401127406529, 0.3994225944791521, 0.4029837804181235, 0.39439940452575684, 0.4472253280026572, 0.40516211305345806, 0.3711050237928118, 0.4035299335207258, 0.39971718192100525, 0.3779474411691938, 0.3677067586353847, 0.3419830969401768, 0.3947716099875314, 0.3573025677885328, 0.4384598561695644, 0.3762041543211256, 0.3829504464353834, 0.37293340052877155, 0.3905249238014221, 0.40354778511183603, 0.4297664293221065, 0.33553900037493023, 0.3370269664696285], "val_acc": [0.32589285714285715, 0.7098214285714286, 0.7087053571428571, 0.71875, 0.75, 0.7912946428571429, 0.7879464285714286, 0.8080357142857143, 0.7488839285714286, 0.7991071428571429, 0.8024553571428571, 0.7220982142857143, 0.8125, 0.7488839285714286, 0.7857142857142857, 0.8125, 0.7522321428571429, 0.7901785714285714, 0.8080357142857143, 0.8091517857142857, 0.8013392857142857, 0.7689732142857143, 0.8080357142857143, 0.828125, 0.8080357142857143, 0.8035714285714286, 0.8225446428571429, 0.8348214285714286, 0.8415178571428571, 0.8147321428571429, 0.8314732142857143, 0.7935267857142857, 0.8102678571428571, 0.8125, 0.8236607142857143, 0.8325892857142857, 0.8069196428571429, 0.8125, 0.8426339285714286, 0.8415178571428571]}