{"loss": [0.5016576242752564, 0.27311562403970774, 0.2582978276999849, 0.24650124718374963, 0.2039471656932823, 0.18163368018621237, 0.2217664505959131, 0.18324402850337934, 0.17577599213154882, 0.1731865734513438, 0.15308165504207488, 0.14497035961767013, 0.12402389177920299, 0.1374467749804605, 0.14998002561325535, 0.15787827541825286, 0.13573089154714377, 0.12372378698324898, 0.09582970321859838, 0.106949758581067, 0.12171680066021771, 0.11944194605467169, 0.10452178897051462, 0.09169109426872156, 0.07827445940737307, 0.0893980962920275, 0.10577522508719338, 0.08790232930324951, 0.09879105729101367, 0.08178532289134131, 0.06892841309906726, 0.07563330992201557, 0.0711891188667665, 0.055530641520843416, 0.09193007254840808, 0.0795539616522328, 0.06714663018591663, 0.07040289947834065, 0.0645769154671632, 0.047009759709221076, 0.049113531883519426, 0.05326020578949795, 0.048973390757081216, 0.045439158273039695, 0.05534797006111474, 0.04942816747834393, 0.05808444115166271, 0.06297656607048678, 0.05235118244098842, 0.04135040956038669, 0.04452513676096386, 0.05825806728004214, 0.06440127775150756, 0.046350874713552176, 0.03703641363468531, 0.04145194347118499, 0.038168759365045685, 0.034886329430702745, 0.05792340409418593, 0.04155604058045056], "val_acc": [0.890625, 0.9296875, 0.9151785714285714, 0.9341517857142857, 0.9430803571428571, 0.9475446428571429, 0.9419642857142857, 0.9497767857142857, 0.9419642857142857, 0.9441964285714286, 0.9464285714285714, 0.9486607142857143, 0.9441964285714286, 0.9352678571428571, 0.9497767857142857, 0.9486607142857143, 0.9397321428571429, 0.9486607142857143, 0.9319196428571429, 0.9486607142857143, 0.9475446428571429, 0.921875, 0.9386160714285714, 0.9352678571428571, 0.9441964285714286, 0.9419642857142857, 0.9464285714285714, 0.9453125, 0.9363839285714286, 0.9363839285714286, 0.9375, 0.9397321428571429, 0.9430803571428571, 0.9408482142857143, 0.9330357142857143, 0.9508928571428571, 0.9464285714285714, 0.9453125, 0.9475446428571429, 0.9419642857142857, 0.9352678571428571, 0.9475446428571429, 0.9497767857142857, 0.9441964285714286, 0.9453125, 0.9441964285714286, 0.9408482142857143, 0.9430803571428571, 0.9430803571428571, 0.9430803571428571, 0.9330357142857143, 0.9229910714285714, 0.9475446428571429, 0.9453125, 0.9386160714285714, 0.9486607142857143, 0.953125, 0.9497767857142857, 0.9397321428571429, 0.9486607142857143], "val_loss": [0.3046875298023224, 0.19836985000542232, 0.2089321826185499, 0.17510781756469182, 0.16384083990539824, 0.14432708493300847, 0.1371711135974952, 0.13917797803878784, 0.14496782102755137, 0.1788234625543867, 0.14852204705987657, 0.15023453001465117, 0.1445117826972689, 0.20381472472633635, 0.14247769010918482, 0.1447547631604331, 0.15970368257590703, 0.1523858979344368, 0.15712524950504303, 0.16148463104452407, 0.15744815553937638, 0.2062804571219853, 0.18081265900816237, 0.17731719144753047, 0.1853460052183696, 0.16151861207825796, 0.15579158599887574, 0.1483217515051365, 0.19262050092220306, 0.17949552408286504, 0.17124706506729126, 0.1756730835352625, 0.178547240793705, 0.19430479726621083, 0.17706693070275442, 0.16894213323082244, 0.19413966366222926, 0.19185468128749303, 0.1811179949768952, 0.2022748962044716, 0.2125656349318368, 0.16784449240991048, 0.17739498615264893, 0.22546083799430303, 0.19819905183144979, 0.1948989076273782, 0.19532885828188487, 0.1934463232755661, 0.22557294155870164, 0.20092404740197317, 0.2574003094008991, 0.27975324222019743, 0.214044027030468, 0.19472511219126837, 0.21493862995079585, 0.19830030841486795, 0.19230482620852335, 0.2094308382698468, 0.22929443631853377, 0.19285837986639567], "acc": [0.8649839743589743, 0.9193742468899337, 0.9245888480114928, 0.924388287658439, 0.9374247884061793, 0.942839951100141, 0.9324107483310294, 0.947853991151382, 0.9464500589013052, 0.9500601677305479, 0.9514640992155431, 0.9584837532693776, 0.9622944236471144, 0.961091054451786, 0.9556758917578243, 0.951664660524949, 0.9622944231450294, 0.9634977923403578, 0.9727236254120561, 0.9695146402536126, 0.9653028467549792, 0.964099476818478, 0.9687123942030896, 0.9739269948464725, 0.9793421565840821, 0.97212194045576, 0.9693140789202979, 0.9745286797788599, 0.9717208177891306, 0.9767348566210227, 0.9807460875909012, 0.978740473301402, 0.9785399107726472, 0.984556758183817, 0.971319694166149, 0.977336542294583, 0.9819494572644056, 0.9817488956920029, 0.9825511419816138, 0.9885679889146076, 0.9869791666666666, 0.9837545114160301, 0.9881668660088901, 0.98756518153077, 0.9851584429010253, 0.9855595658067428, 0.9855595655676547, 0.9843561966114144, 0.9857601283354975, 0.9889691120594131, 0.9881668662479781, 0.9871640579077885, 0.981748896648355, 0.9853590032540791, 0.991977535645454, 0.9867629352411591, 0.9901724814938294, 0.9905736048777228, 0.9855595660458307, 0.9889691125375891]}